firstName,lastName,email,phone,dob,gender,address,city,state,zip,height,weight,medical,emergencyName,emergencyPhone,plan,startDate,endDate
John,Doe,john.doe@example.com,+1234567890,1990-01-15,Male,123 Main St,New York,NY,10001,175,70,None,Jane Doe,+1234567891,Premium Plan,2024-01-01,2024-12-31
Jane,Smith,jane.smith@example.com,+1234567892,1985-05-20,Female,456 Oak Ave,Los Angeles,CA,90210,165,60,None,John Smith,+1234567893,Basic Plan,2024-01-01,2024-06-30
Mike,Johnson,mike.johnson@example.com,+1234567894,1988-08-10,Male,789 Pine Rd,Chicago,IL,60601,180,80,None,Sarah Johnson,+1234567895,Standard Plan,2024-01-01,2024-09-30
Sarah,Williams,sarah.williams@example.com,+1234567896,1992-03-25,Female,321 Elm St,Houston,TX,77001,170,65,None,David Williams,+1234567897,Premium Plan,2024-01-01,2024-12-31
David,Brown,david.brown@example.com,+1234567898,1987-11-12,Male,654 Maple Dr,Phoenix,AZ,85001,185,85,None,Lisa Brown,+1234567899,Basic Plan,2024-01-01,2024-06-30
Emily,Davis,emily.davis@example.com,+1234567900,1995-07-08,Female,987 Cedar Ln,Seattle,WA,98101,168,58,None,Robert Davis,+1234567901,Premium Plan,2024-01-01,2024-12-31
Robert,Wilson,robert.wilson@example.com,+1234567902,1983-12-03,Male,456 Birch Ave,Denver,CO,80201,182,78,None,Mary Wilson,+1234567903,Standard Plan,2024-01-01,2024-09-30
Lisa,Anderson,lisa.anderson@example.com,+1234567904,1989-04-18,Female,753 Spruce St,Atlanta,GA,30301,172,62,None,James Anderson,+1234567905,Basic Plan,2024-01-01,2024-06-30
James,Taylor,james.taylor@example.com,+1234567906,1991-09-22,Male,321 Oak Dr,Miami,FL,33101,178,75,None,Sophia Taylor,+1234567907,Premium Plan,2024-01-01,2024-12-31
Sophia,Martinez,sophia.martinez@example.com,+1234567908,1993-06-14,Female,654 Pine Ave,San Francisco,CA,94101,165,55,None,Carlos Martinez,+1234567909,Standard Plan,2024-01-01,2024-09-30
Michael,Thompson,michael.thompson@example.com,+1234567910,1986-02-28,Male,147 Willow St,Boston,MA,02101,179,82,None,Jennifer Thompson,+1234567911,Premium Plan,2024-01-01,2024-12-31
Jennifer,Lee,jennifer.lee@example.com,+1234567912,1994-10-05,Female,258 Cherry Rd,Portland,OR,97201,169,59,None,Christopher Lee,+1234567913,Basic Plan,2024-01-01,2024-06-30
Christopher,Garcia,christopher.garcia@example.com,+1234567914,1984-07-12,Male,369 Aspen Ave,Las Vegas,NV,89101,181,79,None,Amanda Garcia,+1234567915,Standard Plan,2024-01-01,2024-09-30
Amanda,Rodriguez,amanda.rodriguez@example.com,+1234567916,1996-01-30,Female,741 Maple St,Orlando,FL,32801,167,61,None,Daniel Rodriguez,+1234567917,Premium Plan,2024-01-01,2024-12-31
Daniel,Lewis,daniel.lewis@example.com,+1234567918,1982-08-17,Male,852 Oak Ave,San Diego,CA,92101,183,81,None,Rachel Lewis,+1234567919,Basic Plan,2024-01-01,2024-06-30
Rachel,Walker,rachel.walker@example.com,+1234567920,1990-12-08,Female,963 Pine Rd,Austin,TX,73301,171,63,None,Matthew Walker,+1234567921,Standard Plan,2024-01-01,2024-09-30
Matthew,Hall,matthew.hall@example.com,+1234567922,1988-04-25,Male,159 Cedar Ln,Nashville,TN,37201,177,76,None,Stephanie Hall,+1234567923,Premium Plan,2024-01-01,2024-12-31
Stephanie,Allen,stephanie.allen@example.com,+1234567924,1993-11-14,Female,357 Birch St,Charlotte,NC,28201,166,57,None,Andrew Allen,+1234567925,Basic Plan,2024-01-01,2024-06-30
Andrew,Young,andrew.young@example.com,+1234567926,1985-06-03,Male,468 Elm Dr,Detroit,MI,48201,184,83,None,Jessica Young,+1234567927,Standard Plan,2024-01-01,2024-09-30
Jessica,King,jessica.king@example.com,+1234567928,1991-03-19,Female,579 Spruce Ave,Minneapolis,MN,55401,173,64,None,Ryan King,+1234567929,Premium Plan,2024-01-01,2024-12-31 